{
    "adv-cf": {
        "parameter_name": "iters",
        "default_value": 10,
        "presets": {
            "-3": 1,
            "-2": 1,
            "-1": 1,
            "0": 1,
            "1": 3,
            "2": 5,
            "3": 7,
            "4": 9,
            "5": 12,
            "6": 14,
            "7": 16,
            "8": 18,
            "9": 20
        }
    },
    "adv-fft-loc-var": {
        "parameter_name": "lr",
        "default_value": 0.1,
        "presets": {
            "-3": 0.00215,
            "-2": 0.00359,
            "-1": 0.00599,
            "0": 0.01,
            "1": 0.01668,
            "2": 0.02783,
            "3": 0.04642,
            "4": 0.07743,
            "5": 0.12915,
            "6": 0.21544,
            "7": 0.35938,
            "8": 0.59948,
            "9": 1.0
        }
    },
    "advjnd": {
        "parameter_name": "eps",
        "default_value": 0.0392156862745098,
        "presets": {
            "-3": -0.06013,
            "-2": -0.03878,
            "-1": -0.01743,
            "0": 0.003921568627,
            "1": 0.02527,
            "2": 0.04662,
            "3": 0.06797,
            "4": 0.08932,
            "5": 0.11068,
            "6": 0.13203,
            "7": 0.15338,
            "8": 0.17473,
            "9": 0.1960784314
        }
    },
    "amifgsm": {
        "parameter_name": "K",
        "default_value": 0.5,
        "presets": {
            "-3": 0.01077,
            "-2": 0.01797,
            "-1": 0.02997,
            "0": 0.05,
            "1": 0.08341,
            "2": 0.13913,
            "3": 0.23208,
            "4": 0.38713,
            "5": 0.64577,
            "6": 1.07722,
            "7": 1.79691,
            "8": 2.99742,
            "9": 5.0
        }
    },
    "cadv": {
        "parameter_name": "lr",
        "default_value": 0.0005,
        "presets": {
            "-3": 1e-05,
            "-2": 1e-05,
            "-1": 2e-05,
            "0": 5e-05,
            "1": 0.00011,
            "2": 0.00023,
            "3": 0.0005,
            "4": 0.00108,
            "5": 0.00232,
            "6": 0.005,
            "7": 0.01077,
            "8": 0.02321,
            "9": 0.05
        }
    },
    "cnn-attack": {
        "parameter_name": "Amplitude",
        "default_value": -0.6000000000000001,
        "presets": {
            "-3": 0.005,
            "-2": 0.01,
            "-1": 0.05,
            "0": 0.1,
            "1": 0.18889,
            "2": 0.27778,
            "3": 0.36667,
            "4": 0.45556,
            "5": 0.54444,
            "6": 0.63333,
            "7": 0.72222,
            "8": 0.81111,
            "9": 0.9
        }
    },
    "cumulative-uap": {
        "parameter_name": "Amplitude",
        "default_value": -0.6000000000000001,
        "presets": {
            "-3": 0.005,
            "-2": 0.01,
            "-1": 0.05,
            "0": 0.1,
            "1": 0.18889,
            "2": 0.27778,
            "3": 0.36667,
            "4": 0.45556,
            "5": 0.54444,
            "6": 0.63333,
            "7": 0.72222,
            "8": 0.81111,
            "9": 0.9
        }
    },
    "diff-evolve-uap": {
        "parameter_name": "Amplitude",
        "default_value": -0.6000000000000001,
        "presets": {
            "-3": 0.005,
            "-2": 0.01,
            "-1": 0.05,
            "0": 0.1,
            "1": 0.18889,
            "2": 0.27778,
            "3": 0.36667,
            "4": 0.45556,
            "5": 0.54444,
            "6": 0.63333,
            "7": 0.72222,
            "8": 0.81111,
            "9": 0.9
        }
    },
    "frame-rs": {
        "parameter_name": "eps",
        "default_value": 1,
        "presets": {
            "-3": 1,
            "-2": 1,
            "-1": 1,
            "0": 1,
            "1": 2,
            "2": 3,
            "3": 4,
            "4": 5,
            "5": 6,
            "6": 7,
            "7": 8,
            "8": 9,
            "9": 10
        }
    },
    "generative-uap": {
        "parameter_name": "Amplitude",
        "default_value": -0.6000000000000001,
        "presets": {
            "-3": 0.005,
            "-2": 0.01,
            "-1": 0.05,
            "0": 0.1,
            "1": 0.18889,
            "2": 0.27778,
            "3": 0.36667,
            "4": 0.45556,
            "5": 0.54444,
            "6": 0.63333,
            "7": 0.72222,
            "8": 0.81111,
            "9": 0.9
        }
    },
    "grad-est": {
        "parameter_name": "eps",
        "default_value": 0.1,
        "presets": {
            "-3": 0.00368,
            "-2": 0.00514,
            "-1": 0.00717,
            "0": 0.01,
            "1": 0.01395,
            "2": 0.01946,
            "3": 0.02714,
            "4": 0.03786,
            "5": 0.05282,
            "6": 0.07368,
            "7": 0.10278,
            "8": 0.14337,
            "9": 0.2
        }
    },
    "grad-est-uap": {
        "parameter_name": "Amplitude",
        "default_value": -0.6000000000000001,
        "presets": {
            "-3": 0.005,
            "-2": 0.01,
            "-1": 0.05,
            "0": 0.1,
            "1": 0.18889,
            "2": 0.27778,
            "3": 0.36667,
            "4": 0.45556,
            "5": 0.54444,
            "6": 0.63333,
            "7": 0.72222,
            "8": 0.81111,
            "9": 0.9
        }
    },
    "ifgsm": {
        "parameter_name": "alpha",
        "default_value": 0.00392156862745098,
        "presets": {
            "-3": 8e-05,
            "-2": 0.00014,
            "-1": 0.00024,
            "0": 0.0003921568627,
            "1": 0.00065,
            "2": 0.00109,
            "3": 0.00182,
            "4": 0.00304,
            "5": 0.00506,
            "6": 0.00845,
            "7": 0.01409,
            "8": 0.02351,
            "9": 0.03921568627
        }
    },
    "korhonen-et-al": {
        "parameter_name": "lr",
        "default_value": 0.005,
        "presets": {
            "-3": 1e-05,
            "-2": 1e-05,
            "-1": 2e-05,
            "0": 5e-05,
            "1": 0.00011,
            "2": 0.00023,
            "3": 0.0005,
            "4": 0.00108,
            "5": 0.00232,
            "6": 0.005,
            "7": 0.0108,
            "8": 0.0232,
            "9": 0.05
        }
    },
    "l0-rs": {
        "parameter_name": "eps",
        "default_value": 169.0,
        "presets": {
            "-3": 13.92477,
            "-2": 17.98453,
            "-1": 23.22791,
            "0": 30.0,
            "1": 38.74649,
            "2": 50.04302,
            "3": 64.63304,
            "4": 83.47678,
            "5": 107.81441,
            "6": 139.24767,
            "7": 179.84528,
            "8": 232.2791,
            "9": 300.0
        }
    },
    "madc": {
        "parameter_name": "lr",
        "default_value": 0.001,
        "presets": {
            "-3": 1e-06,
            "-2": 2.2e-06,
            "-1": 4.6e-06,
            "0": 1e-05,
            "1": 2e-05,
            "2": 5e-05,
            "3": 0.0001,
            "4": 0.00022,
            "5": 0.00046,
            "6": 0.001,
            "7": 0.00215,
            "8": 0.00464,
            "9": 0.01
        }
    },
    "mifgsm": {
        "parameter_name": "alpha",
        "default_value": 0.00392156862745098,
        "presets": {
            "-3": 8e-05,
            "-2": 0.00014,
            "-1": 0.00024,
            "0": 0.0003921568627,
            "1": 0.00065,
            "2": 0.00109,
            "3": 0.00182,
            "4": 0.00304,
            "5": 0.00506,
            "6": 0.00845,
            "7": 0.01409,