{
  "clip-iqa": {
    "low": 0,
    "high": 1
  },
  "meta-iqa": {
    "low": 0,
    "high": 1
  },
  "rank-iqa": {
    "low": 10.860876083374023,
    "high": 34.85846328735352
  },
  "hyper-iqa": {
    "low": 25.90425682067871,
    "high": 84.53633117675781
  },
  "koncept": {
    "low": 26.40314292907715,
    "high": 66.86933898925781
  },
  "fpr": {
    "low": 47.22482681274414,
    "high": 77.04672241210938
  },
  "nima": {
    "low": 3.710556983947754,
    "high": 6.18807315826416
  },
  "wsp": {
    "low": 1.8849616050720213,
    "high": 3.866810083389282
  },
  "mdtvsfa": {
    "low": 0,
    "high": 1
  },
  "linearity": {
    "low": 25.780681610107422,
    "high": 83.22696685791016
  },
  "vsfa": {
    "low": 0,
    "high": 1
  },
  "paq2piq": {
    "low": 58.3803939819336,
    "high": 84.1711196899414
  },
  "spaq": {
    "low": 21.749107360839844,
    "high": 77.75585174560547
  },
  "tres": {
    "low": -7.186580181121826,
    "high": 71.39566040039062
  },
  "maniqa": {
    "low": 0,
    "high": 1
  },
  "ahiq": {
    "low": -1.4970735311508179,
    "high": 0.7858631014823914
  },
  "asna-macs": {
    "low": -3.0655882358551025,
    "high": 1.9324586391448975
  },
  "brisque": {
    "low": 95.60858154296875,
    "high": -10.61309814453125
  },
  "ckdn": {
    "low": 0.155559241771698,
    "high": 0.7542972564697266
  },
  "conformer-bns": {
    "low": 909.7130737304688,
    "high": 1740.859130859375
  },
  "cvrkd-iqa": {
    "low": 1.2853009700775146,
    "high": 4.459837913513184
  },
  "cw-ssim": {
    "low": 0,
    "high": 1
  },
  "dbcnn": {
    "low": 26.69989585876465,
    "high": 83.6363525390625
  },
  "dists": {
    "low": 0.7036371231079102,
    "high": -2.384185791015625e-7
  },
  "dss": {
    "low": 0,
    "high": 1
  },
  "eonss": {
    "low": 1.5372254848480225,
    "high": 2.0818722248077393
  },
  "fsim": {
    "low": 0,
    "high": 1
  },
  "gmsd": {
    "low": 0.3112029731273651,
    "high": 0
  },
  "haar-psi": {
    "low": 0,
    "high": 1
  },
  "ilniqe": {
    "low": 220.5568879302345,
    "high": 13.222438022007859
  },
  "iqt": {
    "low": 0.04117080196738243,
    "high": 0.7645589709281921
  },
  "iw-ssim": {
    "low": 0,
    "high": 1
  },
  "koniqplusplus": {
    "low": -0.017354615032672882,
    "high": 0.49959948658943176
  },
  "liqe": {
    "low": 1,
    "high": 5
  },
  "lpips-alex": {
    "low": 1.5858557224273682,
    "high": 0
  },
  "lpips-vgg": {
    "low": 1.0626227855682373,
    "high": 0
  },
  "mad": {
    "low": 355.2686804703072,
    "high": 0
  },
  "mdsi": {
    "low": 0.7461326122283936,
    "high": 0
  },
  "mr-perceptual": {
    "low": 1944.3531494140625,
    "high": 980.9270629882812
  },
  "ms-gmsd": {
    "low": 0.30680468678474426,
    "high": 0
  },
  "ms-ssim": {
    "low": 0,
    "high": 1
  },
  "musiq": {
    "low": 22.7589111328125,
    "high": 77.95606231689453
  },
  "niqe": {
    "low": 28.737131730780796,
    "high": 1.4140845773108388
  },
  "nlpd": {
    "low": 1.6305941343307495,
    "high": 0
  },
  "r-lpips": {
    "low": 0.5951364636421204,
    "high": 0
  },
  "pieapp": {
    "low": 4.921404838562012,
    "high": 0
  },
  "sr-sim": {
    "low": 0.24671109020709991,
    "high": 1
  },
  "stlpips": {
    "low": 1,
    "high": 0
  },
  "swin-iqa": {
    "low": 0.9609959721565247,
    "high": 0.20608246326446533
  },
  "unique": {
    "low": -2.656930446624756,
    "high": 2.196018695831299
  },
  "vif": {
    "low": 0,
    "high": 1
  },
  "vsi": {
    "low": 0.47143810987472534,
    "high": 1
  },
  "vtamiq": {
    "low": 1,
    "high": 0
  },
  "vmaf-by-26m-hre": {
    "low": 0,
    "high": 100
  },
  "robust-linearity-free-lpips-4": {
    "low": 4.287377805551423,
    "high": 88.46998115220985
  },
  "robust-linearity-free-lpips-2": {
    "low": 6.010983480083363,
    "high": 91.04837941394165
  },
  "robust-linearity-free-ssim-2": {
    "low": 0.29502716036653714,
    "high": 88.19762085808978
  },
  "robust-linearity-free-ssim-4": {
    "low": 2.2347058167960574,
    "high": 88.55515792663988
  },
  "robust-linearity-apgd-ssim-2": {
    "low": 0.8483745686676669,
    "high": 91.55215353773552
  },
  "robust-linearity-apgd-ssim-4": {
    "low": 7.0689125174219765,
    "high": 92.07334374491306
  },
  "robust-linearity-apgd-lpips-2": {
    "low": 4.845906014645174,
    "high": 92.77531962054444
  },
  "robust-linearity-apgd-lpips-4": {
    "low": 2.9074381512670886,
    "high": 89.99431590405891
  },
  "26a-kir-baseline": {
    "low": 0,
    "high": 1
  },
  "26a-kir-corners": {
    "low": 0,
    "high": 1
  },
  "26a-kir-gradcam": {
    "low": 0,
    "high": 1
  },
  "26a-kir-vg-hard": {
    "low": 0,
    "high": 1
  },
  "26a-kir-vg-soft": {
    "low": 0,
    "high": 1
  },
  "a-dists": {
    "low": 0.8061922788619995,
    "high": -1.1920928955078125e-07
  }
}
